MIS,Name,Contact,DOB,Address
21141244,sachit,9284574909,16/102002,hostel
21141246,Nandan Magdum,9284574909,8/9/2003,Kolhapur
21141216,Krishna wable,8767963227,19/08/2003,At post Rahuri
21141204,Shantanu,8862065404,11/8/2003,Patan
21141227,chetan,9372580792,2/4/2023,mumbai
21141229,Shivam,9960251870,7/10/2003,Pune
21141223,Vinayak,9284574909,,karad
21141217,Pravin,9284574909,7/8/2003,tulajapur
21141245,Amol,9284574909,5/1/2003,Beed
21141218,Pruthiviraj,9284574909,8/10/2003,Sangali
22143274,Sourabh Patil,9022043488,4/7/2003,Kolhapur
21141234,saket,9130873201,5/6/2003,sangli
21141226,Aditya,9021489138,28-8-2003,islampur
,,,,
21141258,karan,9284574909,16-10-2002,sangli
